game,season,week,network
Detroit Lions at Kansas City Chiefs,2023,Week 1,NBC
Carolina Panthers at Atlanta Falcons,2023,Week 1,FOX
Houston Texans at Baltimore Ravens,2023,Week 1,CBS
Cincinnati Bengals at Cleveland Browns,2023,Week 1,CBS
Jacksonville Jaguars at Indianapolis Colts,2023,Week 1,FOX
Tampa Bay Buccaneers at Minnesota Vikings,2023,Week 1,CBS
Tennessee Titans at New Orleans Saints,2023,Week 1,CBS
San Francisco 49ers at Pittsburgh Steelers,2023,Week 1,FOX
Arizona Cardinals at Washington Commanders,2023,Week 1,FOX
Green Bay Packers at Chicago Bears,2023,Week 1,FOX
Las Vegas Raiders at Denver Broncos,2023,Week 1,CBS
Miami Dolphins at Los Angeles Chargers,2023,Week 1,CBS
Philadelphia Eagles at New England Patriots,2023,Week 1,CBS
Los Angeles Rams at Seattle Seahawks,2023,Week 1,FOX
Dallas Cowboys at New York Giants,2023,Week 1,NBC
Bills vs. Jets,2023,Week 1,ESPN/ABC
Minnesota Vikings at Philadelphia Eagles,2023,Week 2,Amazon Prime Video
Green Bay Packers at Atlanta Falcons,2023,Week 2,FOX
Las Vegas Raiders at Buffalo Bills,2023,Week 2,CBS
Baltimore Ravens at Cincinnati Bengals,2023,Week 2,CBS
Seattle Seahawks at Detroit Lions,2023,Week 2,FOX
Indianapolis Colts at Houston Texans,2023,Week 2,FOX
Kansas City Chiefs at Jacksonville Jaguars,2023,Week 2,CBS
Chicago Bears at Tampa Bay Buccaneers,2023,Week 2,FOX
Los Angeles Chargers at Tennessee Titans,2023,Week 2,CBS
New York Giants at Arizona Cardinals,2023,Week 2,FOX
San Francisco 49ers at Los Angeles Rams,2023,Week 2,FOX
New York Jets at Dallas Cowboys,2023,Week 2,CBS
Washington Commanders at Denver Broncos,2023,Week 2,CBS
Miami Dolphins at New England Patriots,2023,Week 2,NBC
New Orleans Saints at Carolina Panthers,2023,Week 2,ESPN
Cleveland Browns at Pittsburgh Steelers,2023,Week 2,ABC
New York Giants at San Francisco 49ers,2023,Week 3,Amazon Prime Video
Indianapolis Colts at Baltimore Ravens,2023,Week 3,CBS
Tennessee Titans at Cleveland Browns,2023,Week 3,CBS
Atlanta Falcons at Detroit Lions,2023,Week 3,FOX
New Orleans Saints at Green Bay Packers,2023,Week 3,FOX
Houston Texans at Jacksonville Jaguars,2023,Week 3,FOX
Denver Broncos at Miami Dolphins,2023,Week 3,CBS
Los Angeles Chargers at Minnesota Vikings,2023,Week 3,FOX
New England Patriots at New York Jets,2023,Week 3,CBS
Buffalo Bills at Washington Commanders,2023,Week 3,CBS
Carolina Panthers at Seattle Seahawks,2023,Week 3,CBS
Dallas Cowboys at Arizona Cardinals,2023,Week 3,FOX
Chicago Bears at Kansas City Chiefs,2023,Week 3,FOX
Pittsburgh Steelers at Las Vegas Raiders,2023,Week 3,NBC
Philadelphia Eagles at Tampa Bay Buccaneers,2023,Week 3,ABC
Los Angeles Rams at Cincinnati Bengals,2023,Week 3,ESPN
Detroit Lions at Green Bay Packers,2023,Week 4,Amazon Prime Video
Atlanta Falcons vs Jacksonville Jaguars,2023,Week 4,ESPN+
Miami Dolphins at Buffalo Bills,2023,Week 4,CBS
Minnesota Vikings at Carolina Panthers,2023,Week 4,FOX
Denver Broncos at Chicago Bears,2023,Week 4,CBS
Baltimore Ravens at Cleveland Browns,2023,Week 4,CBS
Pittsburgh Steelers at Houston Texans,2023,Week 4,CBS
Los Angeles Rams at Indianapolis Colts,2023,Week 4,FOX
Tampa Bay Buccaneers at New Orleans Saints,2023,Week 4,FOX
Washington Commanders at Philadelphia Eagles,2023,Week 4,FOX
Cincinnati Bengals at Tennessee Titans,2023,Week 4,FOX
Las Vegas Raiders at Los Angeles Chargers,2023,Week 4,CBS
New England Patriots at Dallas Cowboys,2023,Week 4,FOX
Arizona Cardinals at San Francisco 49ers,2023,Week 4,FOX
Kansas City Chiefs at New York Jets,2023,Week 4,NBC
Seattle Seahawks at New York Giants,2023,Week 4,ESPN
Chicago Bears at Washington Commanders,2023,Week 5,Amazon Prime Video
Jacksonville Jaguars vs Buffalo Bills,2023,Week 5,NFL Network
Houston Texans at Atlanta Falcons,2023,Week 5,FOX
Carolina Panthers at Detroit Lions,2023,Week 5,FOX
Tennessee Titans at Indianapolis Colts,2023,Week 5,CBS
New York Giants at Miami Dolphins,2023,Week 5,FOX
New Orleans Saints at New England Patriots,2023,Week 5,CBS
Baltimore Ravens at Pittsburgh Steelers,2023,Week 5,CBS
Cincinnati Bengals at Arizona Cardinals,2023,Week 5,FOX
Philadelphia Eagles at Los Angeles Rams,2023,Week 5,FOX
New York Jets at Denver Broncos,2023,Week 5,CBS
Kansas City Chiefs at Minnesota Vikings,2023,Week 5,CBS
Dallas Cowboys at San Francisco 49ers,2023,Week 5,NBC
Green Bay Packers at Las Vegas Raiders,2023,Week 5,ESPN
Denver Broncos at Kansas City Chiefs,2023,Week 6,Amazon Prime Video
Baltimore Ravens vs Tennessee Titans,2023,Week 6,NFL Network
Washington Commanders at Atlanta Falcons,2023,Week 6,CBS
Minnesota Vikings at Chicago Bears,2023,Week 6,FOX
Seattle Seahawks at Cincinnati Bengals,2023,Week 6,CBS
San Francisco 49ers at Cleveland Browns,2023,Week 6,FOX
New Orleans Saints at Houston Texans,2023,Week 6,FOX
Indianapolis Colts at Jacksonville Jaguars,2023,Week 6,CBS
Carolina Panthers at Miami Dolphins,2023,Week 6,CBS
New England Patriots at Las Vegas Raiders,2023,Week 6,CBS
Detroit Lions at Tampa Bay Buccaneers,2023,Week 6,FOX
Arizona Cardinals at Los Angeles Rams,2023,Week 6,FOX
Philadelphia Eagles at New York Jets,2023,Week 6,FOX
New York Giants at Buffalo Bills,2023,Week 6,NBC
Dallas Cowboys at Los Angeles Chargers,2023,Week 6,ESPN
Jacksonville Jaguars at New Orleans Saints,2023,Week 7,Amazon Prime Video
Detroit Lions at Baltimore Ravens,2023,Week 7,FOX
Las Vegas Raiders at Chicago Bears,2023,Week 7,FOX
Cleveland Browns at Indianapolis Colts,2023,Week 7,CBS
Buffalo Bills at New England Patriots,2023,Week 7,CBS
Washington Commanders at New York Giants,2023,Week 7,CBS
Atlanta Falcons at Tampa Bay Buccaneers,2023,Week 7,FOX
Pittsburgh Steelers at Los Angeles Rams,2023,Week 7,FOX
Arizona Cardinals at Seattle Seahawks,2023,Week 7,FOX
Green Bay Packers at Denver Broncos,2023,Week 7,CBS
Los Angeles Chargers at Kansas City Chiefs,2023,Week 7,CBS
Miami Dolphins at Philadelphia Eagles,2023,Week 7,NBC
San Francisco 49ers at Minnesota Vikings,2023,Week 7,ESPN
Tampa Bay Buccaneers at Buffalo Bills,2023,Week 8,Amazon Prime Video
Houston Texans at Carolina Panthers,2023,Week 8,FOX
Los Angeles Rams at Dallas Cowboys,2023,Week 8,FOX
Minnesota Vikings at Green Bay Packers,2023,Week 8,FOX
New Orleans Saints at Indianapolis Colts,2023,Week 8,FOX
New England Patriots at Miami Dolphins,2023,Week 8,CBS
New York Jets at New York Giants,2023,Week 8,CBS
Jacksonville Jaguars at Pittsburgh Steelers,2023,Week 8,CBS
Atlanta Falcons at Tennessee Titans,2023,Week 8,CBS
Philadelphia Eagles at Washington Commanders,2023,Week 8,FOX
Cleveland Browns at Seattle Seahawks,2023,Week 8,FOX
Baltimore Ravens at Arizona Cardinals,2023,Week 8,CBS
Kansas City Chiefs at Denver Broncos,2023,Week 8,CBS
Cincinnati Bengals at San Francisco 49ers,2023,Week 8,CBS
Chicago Bears at Los Angeles Chargers,2023,Week 8,NBC
Las Vegas Raiders at Detroit Lions,2023,Week 8,ESPN
Tennessee Titans at Pittsburgh Steelers,2023,Week 9,Amazon Prime Video
Miami Dolphins vs Kansas City Chiefs,2023,Week 9,NFL Network
Minnesota Vikings at Atlanta Falcons,2023,Week 9,FOX
Seattle Seahawks at Baltimore Ravens,2023,Week 9,CBS
Arizona Cardinals at Cleveland Browns,2023,Week 9,CBS
Los Angeles Rams at Green Bay Packers,2023,Week 9,FOX
Tampa Bay Buccaneers at Houston Texans,2023,Week 9,CBS
Washington Commanders at New England Patriots,2023,Week 9,FOX
Chicago Bears at New Orleans Saints,2023,Week 9,CBS
Indianapolis Colts at Carolina Panthers,2023,Week 9,CBS
New York Giants at Las Vegas Raiders,2023,Week 9,FOX
Dallas Cowboys at Philadelphia Eagles,2023,Week 9,FOX
Buffalo Bills at Cincinnati Bengals,2023,Week 9,NBC
Los Angeles Chargers at New York Jets,2023,Week 9,ESPN
Carolina Panthers at Chicago Bears,2023,Week 10,Amazon Prime Video
Indianapolis Colts vs New England Patriots,2023,Week 10,NFL Network
Cleveland Browns at Baltimore Ravens,2023,Week 10,FOX
Houston Texans at Cincinnati Bengals,2023,Week 10,CBS
San Francisco 49ers at Jacksonville Jaguars,2023,Week 10,FOX
New Orleans Saints at Minnesota Vikings,2023,Week 10,FOX
Green Bay Packers at Pittsburgh Steelers,2023,Week 10,CBS
Tennessee Titans at Tampa Bay Buccaneers,2023,Week 10,CBS
Atlanta Falcons at Arizona Cardinals,2023,Week 10,CBS
Detroit Lions at Los Angeles Chargers,2023,Week 10,CBS
New York Giants at Dallas Cowboys,2023,Week 10,FOX
Washington Commanders at Seattle Seahawks,2023,Week 10,FOX
New York Jets at Las Vegas Raiders,2023,Week 10,NBC
Denver Broncos at Buffalo Bills,2023,Week 10,ESPN
Cincinnati Bengals at Baltimore Ravens,2023,Week 11,Amazon Prime Video
Dallas Cowboys at Carolina Panthers,2023,Week 11,FOX
Pittsburgh Steelers at Cleveland Browns,2023,Week 11,CBS
Chicago Bears at Detroit Lions,2023,Week 11,FOX
Los Angeles Chargers at Green Bay Packers,2023,Week 11,FOX
Arizona Cardinals at Houston Texans,2023,Week 11,CBS
Tennessee Titans at Jacksonville Jaguars,2023,Week 11,CBS
Las Vegas Raiders at Miami Dolphins,2023,Week 11,CBS
New York Giants at Washington Commanders,2023,Week 11,FOX
Tampa Bay Buccaneers at San Francisco 49ers,2023,Week 11,FOX
New York Jets at Buffalo Bills,2023,Week 11,CBS
Seattle Seahawks at Los Angeles Rams,2023,Week 11,CBS
Minnesota Vikings at Denver Broncos,2023,Week 11,NBC
Philadelphia Eagles at Kansas City Chiefs,2023,Week 11,ESPN/ABC
Green Bay Packers at Detroit Lions,2023,Week 12,FOX
Washington Commanders at Dallas Cowboys,2023,Week 12,CBS
San Francisco 49ers at Seattle Seahawks,2023,Week 12,NBC
Miami Dolphins at New York Jets,2023,Week 12,Amazon Prime Video
New Orleans Saints at Atlanta Falcons,2023,Week 12,FOX
Pittsburgh Steelers at Cincinnati Bengals,2023,Week 12,CBS
Jacksonville Jaguars at Houston Texans,2023,Week 12,CBS
Tampa Bay Buccaneers at Indianapolis Colts,2023,Week 12,CBS
New England Patriots at New York Giants,2023,Week 12,FOX
Carolina Panthers at Tennessee Titans,2023,Week 12,FOX
Los Angeles Rams at Arizona Cardinals,2023,Week 12,FOX
Cleveland Browns at Denver Broncos,2023,Week 12,FOX
Kansas City Chiefs at Las Vegas Raiders,2023,Week 12,CBS
Buffalo Bills at Philadelphia Eagles,2023,Week 12,CBS
Baltimore Ravens at Los Angeles Chargers,2023,Week 12,NBC
Chicago Bears at Minnesota Vikings,2023,Week 12,ESPN
Seattle Seahawks at Dallas Cowboys,2023,Week 13,Amazon Prime Video
Los Angeles Chargers at New England Patriots,2023,Week 13,CBS
Detroit Lions at New Orleans Saints,2023,Week 13,FOX
Atlanta Falcons at New York Jets,2023,Week 13,FOX
Arizona Cardinals at Pittsburgh Steelers,2023,Week 13,CBS
Denver Broncos at Houston Texans,2023,Week 13,CBS
Indianapolis Colts at Tennessee Titans,2023,Week 13,CBS
Miami Dolphins at Washington Commanders,2023,Week 13,FOX
Carolina Panthers at Tampa Bay Buccaneers,2023,Week 13,CBS
Cleveland Browns at Los Angeles Rams,2023,Week 13,FOX
San Francisco 49ers at Philadelphia Eagles,2023,Week 13,FOX
Kansas City Chiefs at Green Bay Packers,2023,Week 13,NBC
Cincinnati Bengals at Jacksonville Jaguars,2023,Week 13,ESPN
New England Patriots at Pittsburgh Steelers,2023,Week 14,Amazon Prime Video
Tampa Bay Buccaneers at Atlanta Falcons,2023,Week 14,CBS
Los Angeles Rams at Baltimore Ravens,2023,Week 14,FOX
Detroit Lions at Chicago Bears,2023,Week 14,FOX
Indianapolis Colts at Cincinnati Bengals,2023,Week 14,CBS
Jacksonville Jaguars at Cleveland Browns,2023,Week 14,CBS
Carolina Panthers at New Orleans Saints,2023,Week 14,FOX
Houston Texans at New York Jets,2023,Week 14,CBS
Minnesota Vikings at Las Vegas Raiders,2023,Week 14,FOX
Seattle Seahawks at San Francisco 49ers,2023,Week 14,FOX
Buffalo Bills at Kansas City Chiefs,2023,Week 14,CBS
Denver Broncos at Los Angeles Chargers,2023,Week 14,CBS
Philadelphia Eagles at Dallas Cowboys,2023,Week 14,NBC
Tennessee Titans at Miami Dolphins,2023,Week 14,ESPN
Green Bay Packers at New York Giants,2023,Week 14,ABC
Los Angeles Chargers at Las Vegas Raiders,2023,Week 15,Amazon Prime Video
Minnesota Vikings at Cincinnati Bengals,2023,Week 15,NFL Network
Pittsburgh Steelers at Indianapolis Colts,2023,Week 15,NFL Network
Denver Broncos at Detroit Lions,2023,Week 15,NFL Network
Kansas City Chiefs at New England Patriots,2023,Week 15,FOX
Atlanta Falcons at Carolina Panthers,2023,Week 15,FOX
Chicago Bears at Cleveland Browns,2023,Week 15,FOX
Tampa Bay Buccaneers at Green Bay Packers,2023,Week 15,FOX
New York Jets at Miami Dolphins,2023,Week 15,CBS
New York Giants at New Orleans Saints,2023,Week 15,FOX
Houston Texans at Tennessee Titans,2023,Week 15,CBS
San Francisco 49ers at Arizona Cardinals,2023,Week 15,CBS
Washington Commanders at Los Angeles Rams,2023,Week 15,CBS
Dallas Cowboys at Buffalo Bills,2023,Week 15,FOX
Baltimore Ravens at Jacksonville Jaguars,2023,Week 15,NBC
Philadelphia Eagles at Seattle Seahawks,2023,Week 15,ESPN/ABC
New Orleans Saints at Los Angeles Rams,2023,Week 16,Amazon Prime Video
Cincinnati Bengals at Pittsburgh Steelers,2023,Week 16,NBC
Buffalo Bills at Los Angeles Chargers,2023,Week 16,Peacock
Indianapolis Colts at Atlanta Falcons 1:00p,2023,Week 16,FOX
Green Bay Packers at Carolina Panthers 1:00p,2023,Week 16,FOX
Cleveland Browns at Houston Texans 12:00p,2023,Week 16,CBS
Detroit Lions at Minnesota Vikings 12:00p,2023,Week 16,FOX
Washington Commanders at New York Jets 1:00p,2023,Week 16,CBS
Seattle Seahawks at Tennessee Titans,2023,Week 16,CBS
Jacksonville Jaguars at Tampa Bay Buccaneers,2023,Week 16,CBS
Arizona Cardinals at Chicago Bears,2023,Week 16,FOX
Dallas Cowboys at Miami Dolphins,2023,Week 16,FOX
New England Patriots at Denver Broncos,2023,Week 16,NFL Network
Las Vegas Raiders at Kansas City Chiefs,2023,Week 16,CBS
New York Giants at Philadelphia Eagles,2023,Week 16,FOX
Baltimore Ravens at San Francisco 49ers,2023,Week 16,ABC
New York Jets at Cleveland Browns,2023,Week 17,Amazon Prime Video
Detroit Lions at Dallas Cowboys,2023,Week 17,ESPN/ABC
Miami Dolphins at Baltimore Ravens,2023,Week 17,CBS
New England Patriots at Buffalo Bills,2023,Week 17,CBS
Atlanta Falcons at Chicago Bears,2023,Week 17,CBS
Tennessee Titans at Houston Texans,2023,Week 17,FOX
Las Vegas Raiders at Indianapolis Colts,2023,Week 17,CBS
Carolina Panthers at Jacksonville Jaguars,2023,Week 17,CBS
Los Angeles Rams at New York Giants,2023,Week 17,FOX
Arizona Cardinals at Philadelphia Eagles,2023,Week 17,FOX
New Orleans Saints at Tampa Bay Buccaneers,2023,Week 17,FOX
San Francisco 49ers at Washington Commanders,2023,Week 17,FOX
Pittsburgh Steelers at Seattle Seahawks,2023,Week 17,FOX
Los Angeles Chargers at Denver Broncos,2023,Week 17,CBS
Cincinnati Bengals at Kansas City Chiefs,2023,Week 17,CBS
Green Bay Packers at Minnesota Vikings,2023,Week 17,NBC
Baltimore Ravens at Kansas City Chiefs,2024,Week 1,NBC
Green Bay Packers at Philadelphia Eagles,2024,Week 1,Peacock
Pittsburgh Steelers at Atlanta Falcons,2024,Week 1,FOX
Arizona Cardinals at Buffalo Bills,2024,Week 1,CBS
Tennessee Titans at Chicago Bears,2024,Week 1,FOX
New England Patriots at Cincinnati Bengals,2024,Week 1,CBS
Houston Texans at Indianapolis Colts,2024,Week 1,CBS
Jacksonville Jaguars at Miami Dolphins,2024,Week 1,CBS
Carolina Panthers at New Orleans Saints,2024,Week 1,FOX
Minnesota Vikings at New York Giants,2024,Week 1,FOX
Las Vegas Raiders at Los Angeles Chargers,2024,Week 1,CBS
Denver Broncos at Seattle Seahawks,2024,Week 1,CBS
Dallas Cowboys at Cleveland Browns,2024,Week 1,FOX
Washington Commanders at Tampa Bay Buccaneers,2024,Week 1,FOX
Los Angeles Rams at Detroit Lions,2024,Week 1,NBC
New York Jets at San Francisco 49ers,2024,Week 1,ESPN/ABC
Buffalo Bills at Miami Dolphins,2024,Week 2,Amazon Prime Video
Las Vegas Raiders at Baltimore Ravens,2024,Week 2,CBS
Los Angeles Chargers at Carolina Panthers,2024,Week 2,CBS
New Orleans Saints at Dallas Cowboys,2024,Week 2,FOX
Tampa Bay Buccaneers at Detroit Lions,2024,Week 2,FOX
Indianapolis Colts at Green Bay Packers,2024,Week 2,FOX
Cleveland Browns at Jacksonville Jaguars,2024,Week 2,CBS
San Francisco 49ers at Minnesota Vikings,2024,Week 2,CBS
Seattle Seahawks at New England Patriots,2024,Week 2,FOX
New York Jets at Tennessee Titans,2024,Week 2,CBS
New York Giants at Washington Commanders,2024,Week 2,FOX
Los Angeles Rams at Arizona Cardinals,2024,Week 2,FOX
Pittsburgh Steelers at Denver Broncos,2024,Week 2,CBS
Cincinnati Bengals at Kansas City Chiefs,2024,Week 2,CBS
Chicago Bears at Houston Texans 7:20p,2024,Week 2,NBC
Atlanta Falcons at Philadelphia Eagles,2024,Week 2,ESPN
New England Patriots at New York Jets,2024,Week 3,Amazon Prime Video
New York Giants at Cleveland Browns,2024,Week 3,FOX
Chicago Bears at Indianapolis Colts,2024,Week 3,CBS
Houston Texans at Minnesota Vikings,2024,Week 3,CBS
Philadelphia Eagles at New Orleans Saints,2024,Week 3,FOX
Los Angeles Chargers at Pittsburgh Steelers,2024,Week 3,CBS
Denver Broncos at Tampa Bay Buccaneers,2024,Week 3,FOX
Green Bay Packers at Tennessee Titans,2024,Week 3,FOX
Carolina Panthers at Las Vegas Raiders,2024,Week 3,CBS
Miami Dolphins at Seattle Seahawks,2024,Week 3,CBS
Detroit Lions at Arizona Cardinals,2024,Week 3,FOX
Baltimore Ravens at Dallas Cowboys,2024,Week 3,FOX
San Francisco 49ers at Los Angeles Rams,2024,Week 3,FOX
Kansas City Chiefs at Atlanta Falcons,2024,Week 3,NBC
Jacksonville Jaguars at Buffalo Bills,2024,Week 3,ESPN
Washington Commanders at Cincinnati Bengals,2024,Week 3,ABC
Dallas Cowboys at New York Giants,2024,Week 4,Amazon Prime Video
New Orleans Saints at Atlanta Falcons,2024,Week 4,FOX
Cincinnati Bengals at Carolina Panthers,2024,Week 4,FOX
Los Angeles Rams at Chicago Bears,2024,Week 4,FOX
Minnesota Vikings at Green Bay Packers,2024,Week 4,CBS
Jacksonville Jaguars at Houston Texans,2024,Week 4,CBS
Pittsburgh Steelers at Indianapolis Colts,2024,Week 4,CBS
Denver Broncos at New York Jets,2024,Week 4,CBS
Philadelphia Eagles at Tampa Bay Buccaneers,2024,Week 4,FOX
Washington Commanders at Arizona Cardinals,2024,Week 4,FOX
New England Patriots at San Francisco 49ers,2024,Week 4,FOX
Kansas City Chiefs at Los Angeles Chargers,2024,Week 4,CBS
Cleveland Browns at Las Vegas Raiders,2024,Week 4,CBS
Buffalo Bills at Baltimore Ravens,2024,Week 4,NBC
Tennessee Titans at Miami Dolphins,2024,Week 4,ESPN
Seattle Seahawks at Detroit Lions,2024,Week 4,ABC
Tampa Bay Buccaneers at Atlanta Falcons,2024,Week 5,Amazon Prime Video
New York Jets vs Minnesota Vikings,2024,Week 5,NFL Network
Carolina Panthers at Chicago Bears,2024,Week 5,FOX
Baltimore Ravens at Cincinnati Bengals,2024,Week 5,CBS
Buffalo Bills at Houston Texans,2024,Week 5,CBS
Indianapolis Colts at Jacksonville Jaguars,2024,Week 5,CBS
Miami Dolphins at New England Patriots,2024,Week 5,FOX
Cleveland Browns at Washington Commanders,2024,Week 5,FOX
Las Vegas Raiders at Denver Broncos,2024,Week 5,FOX
Arizona Cardinals at San Francisco 49ers,2024,Week 5,FOX
Green Bay Packers at Los Angeles Rams,2024,Week 5,CBS
New York Giants at Seattle Seahawks,2024,Week 5,CBS
Dallas Cowboys at Pittsburgh Steelers,2024,Week 5,NBC
New Orleans Saints at Kansas City Chiefs,2024,Week 5,ESPN
San Francisco 49ers at Seattle Seahawks,2024,Week 6,Amazon Prime Video
Jacksonville Jaguars vs Chicago Bears,2024,Week 6,NFL Network
Washington Commanders at Baltimore Ravens,2024,Week 6,CBS
Arizona Cardinals at Green Bay Packers,2024,Week 6,FOX
Houston Texans at New England Patriots,2024,Week 6,CBS
Tampa Bay Buccaneers at New Orleans Saints,2024,Week 6,FOX
Cleveland Browns at Philadelphia Eagles,2024,Week 6,FOX
Indianapolis Colts at Tennessee Titans,2024,Week 6,CBS
Los Angeles Chargers at Denver Broncos,2024,Week 6,CBS
Pittsburgh Steelers at Las Vegas Raiders,2024,Week 6,CBS
Atlanta Falcons at Carolina Panthers,2024,Week 6,FOX
Detroit Lions at Dallas Cowboys,2024,Week 6,FOX
Cincinnati Bengals at New York Giants,2024,Week 6,NBC
Buffalo Bills at New York Jets,2024,Week 6,ESPN
Denver Broncos at New Orleans Saints,2024,Week 7,Amazon Prime Video
New England Patriots at Jacksonville Jaguars,2024,Week 7,NFL Network
Seattle Seahawks at Atlanta Falcons,2024,Week 7,FOX
Tennessee Titans at Buffalo Bills,2024,Week 7,CBS
Cincinnati Bengals at Cleveland Browns,2024,Week 7,CBS
Houston Texans at Green Bay Packers,2024,Week 7,CBS
Miami Dolphins at Indianapolis Colts,2024,Week 7,FOX
Detroit Lions at Minnesota Vikings,2024,Week 7,FOX
Philadelphia Eagles at New York Giants,2024,Week 7,FOX
Las Vegas Raiders at Los Angeles Rams,2024,Week 7,CBS
Carolina Panthers at Washington Commanders,2024,Week 7,CBS
Kansas City Chiefs at San Francisco 49ers,2024,Week 7,FOX
New York Jets at Pittsburgh Steelers,2024,Week 7,NBC
Baltimore Ravens at Tampa Bay Buccaneers,2024,Week 7,ESPN
Los Angeles Chargers at Arizona Cardinals,2024,Week 7,ESPN+
Minnesota Vikings at Los Angeles Rams,2024,Week 8,Amazon Prime Video
Baltimore Ravens at Cleveland Browns,2024,Week 8,CBS
Philadelphia Eagles at Cincinnati Bengals,2024,Week 8,CBS
Tennessee Titans at Detroit Lions,2024,Week 8,FOX
Indianapolis Colts at Houston Texans,2024,Week 8,CBS
Green Bay Packers at Jacksonville Jaguars,2024,Week 8,FOX
Arizona Cardinals at Miami Dolphins,2024,Week 8,FOX
New York Jets at New England Patriots,2024,Week 8,CBS
Atlanta Falcons at Tampa Bay Buccaneers,2024,Week 8,FOX
New Orleans Saints at Los Angeles Chargers,2024,Week 8,FOX
Buffalo Bills at Seattle Seahawks,2024,Week 8,FOX
Chicago Bears at Washington Commanders,2024,Week 8,CBS
Carolina Panthers at Denver Broncos,2024,Week 8,CBS
Kansas City Chiefs at Las Vegas Raiders,2024,Week 8,CBS
Dallas Cowboys at San Francisco 49ers,2024,Week 8,NBC
New York Giants at Pittsburgh Steelers,2024,Week 8,ESPN/ABC
Houston Texans at New York Jets,2024,Week 9,Amazon Prime Video
Dallas Cowboys at Atlanta Falcons,2024,Week 9,FOX
Denver Broncos at Baltimore Ravens,2024,Week 9,CBS
Miami Dolphins at Buffalo Bills,2024,Week 9,CBS
New Orleans Saints at Carolina Panthers,2024,Week 9,CBS
Las Vegas Raiders at Cincinnati Bengals,2024,Week 9,FOX
Los Angeles Chargers at Cleveland Browns,2024,Week 9,CBS
Washington Commanders at New York Giants,2024,Week 9,FOX
New England Patriots at Tennessee Titans,2024,Week 9,FOX
Chicago Bears at Arizona Cardinals,2024,Week 9,CBS
Jacksonville Jaguars at Philadelphia Eagles,2024,Week 9,CBS
Detroit Lions at Green Bay Packers,2024,Week 9,FOX
Los Angeles Rams at Seattle Seahawks,2024,Week 9,FOX
Indianapolis Colts at Minnesota Vikings,2024,Week 9,NBC
Tampa Bay Buccaneers at Kansas City Chiefs,2024,Week 9,ESPN
Cincinnati Bengals at Baltimore Ravens,2024,Week 10,Amazon Prime Video
New York Giants vs Carolina Panthers,2024,Week 10,NFL Network
New England Patriots at Chicago Bears,2024,Week 10,FOX
Buffalo Bills at Indianapolis Colts,2024,Week 10,CBS
Minnesota Vikings at Jacksonville Jaguars,2024,Week 10,FOX
Denver Broncos at Kansas City Chiefs,2024,Week 10,CBS
Atlanta Falcons at New Orleans Saints,2024,Week 10,FOX
San Francisco 49ers at Tampa Bay Buccaneers,2024,Week 10,FOX
Pittsburgh Steelers at Washington Commanders,2024,Week 10,CBS
Tennessee Titans at Los Angeles Chargers,2024,Week 10,FOX
New York Jets at Arizona Cardinals,2024,Week 10,CBS
Philadelphia Eagles at Dallas Cowboys,2024,Week 10,CBS
Detroit Lions at Houston Texans,2024,Week 10,NBC
Miami Dolphins at Los Angeles Rams,2024,Week 10,ESPN
Washington Commanders at Philadelphia Eagles,2024,Week 11,Amazon Prime Video
Green Bay Packers at Chicago Bears,2024,Week 11,FOX
Jacksonville Jaguars at Detroit Lions,2024,Week 11,CBS
Las Vegas Raiders at Miami Dolphins,2024,Week 11,CBS
Los Angeles Rams at New England Patriots,2024,Week 11,FOX
Cleveland Browns at New Orleans Saints,2024,Week 11,FOX
Baltimore Ravens at Pittsburgh Steelers,2024,Week 11,CBS
Minnesota Vikings at Tennessee Titans,2024,Week 11,CBS
Indianapolis Colts at New York Jets,2024,Week 11,CBS
Atlanta Falcons at Denver Broncos,2024,Week 11,FOX
Seattle Seahawks at San Francisco 49ers,2024,Week 11,FOX
Kansas City Chiefs at Buffalo Bills,2024,Week 11,CBS
Cincinnati Bengals at Los Angeles Chargers,2024,Week 11,NBC
Houston Texans at Dallas Cowboys,2024,Week 11,ESPN
Pittsburgh Steelers at Cleveland Browns,2024,Week 12,Amazon Prime Video
Kansas City Chiefs at Carolina Panthers,2024,Week 12,CBS
Minnesota Vikings at Chicago Bears,2024,Week 12,FOX
Tennessee Titans at Houston Texans,2024,Week 12,CBS
Detroit Lions at Indianapolis Colts,2024,Week 12,FOX
New England Patriots at Miami Dolphins,2024,Week 12,CBS
Tampa Bay Buccaneers at New York Giants,2024,Week 12,CBS
Dallas Cowboys at Washington Commanders,2024,Week 12,FOX
Denver Broncos at Las Vegas Raiders,2024,Week 12,CBS
San Francisco 49ers at Green Bay Packers,2024,Week 12,FOX
Arizona Cardinals at Seattle Seahawks,2024,Week 12,FOX
Philadelphia Eagles at Los Angeles Rams,2024,Week 12,NBC
Baltimore Ravens at Los Angeles Chargers,2024,Week 12,ESPN
Chicago Bears at Detroit Lions,2024,Week 13,CBS
New York Giants at Dallas Cowboys,2024,Week 13,FOX
Miami Dolphins at Green Bay Packers,2024,Week 13,NBC
Las Vegas Raiders at Kansas City Chiefs,2024,Week 13,Amazon Prime Video
Los Angeles Chargers at Atlanta Falcons,2024,Week 13,CBS
Pittsburgh Steelers at Cincinnati Bengals,2024,Week 13,CBS
Houston Texans at Jacksonville Jaguars,2024,Week 13,FOX
Arizona Cardinals at Minnesota Vikings,2024,Week 13,FOX
Indianapolis Colts at New England Patriots,2024,Week 13,CBS
Seattle Seahawks at New York Jets,2024,Week 13,FOX
Tennessee Titans at Washington Commanders,2024,Week 13,CBS
Tampa Bay Buccaneers at Carolina Panthers,2024,Week 13,FOX
Los Angeles Rams at New Orleans Saints,2024,Week 13,FOX
Philadelphia Eagles at Baltimore Ravens,2024,Week 13,CBS
San Francisco 49ers at Buffalo Bills,2024,Week 13,NBC
Cleveland Browns at Denver Broncos,2024,Week 13,ESPN
Green Bay Packers at Detroit Lions,2024,Week 14,Amazon Prime Video
New York Jets at Miami Dolphins,2024,Week 14,CBS
Atlanta Falcons at Minnesota Vikings,2024,Week 14,FOX
New Orleans Saints at New York Giants,2024,Week 14,FOX
Carolina Panthers at Philadelphia Eagles,2024,Week 14,FOX
Cleveland Browns at Pittsburgh Steelers,2024,Week 14,CBS
Las Vegas Raiders at Tampa Bay Buccaneers,2024,Week 14,CBS
Jacksonville Jaguars at Tennessee Titans,2024,Week 14,CBS
Seattle Seahawks at Arizona Cardinals,2024,Week 14,CBS
Buffalo Bills at Los Angeles Rams,2024,Week 14,FOX
Chicago Bears at San Francisco 49ers,2024,Week 14,FOX
Los Angeles Chargers at Kansas City Chiefs,2024,Week 14,NBC
Cincinnati Bengals at Dallas Cowboys,2024,Week 14,ESPN/ABC
Los Angeles Rams at San Francisco 49ers,2024,Week 15,Amazon Prime Video
Dallas Cowboys at Carolina Panthers,2024,Week 15,FOX
Kansas City Chiefs at Cleveland Browns,2024,Week 15,CBS
Miami Dolphins at Houston Texans,2024,Week 15,CBS
New York Jets at Jacksonville Jaguars,2024,Week 15,FOX
Washington Commanders at New Orleans Saints,2024,Week 15,FOX
Baltimore Ravens at New York Giants,2024,Week 15,CBS
Cincinnati Bengals at Tennessee Titans,2024,Week 15,FOX
New England Patriots at Arizona Cardinals,2024,Week 15,CBS
Indianapolis Colts at Denver Broncos,2024,Week 15,CBS
Buffalo Bills at Detroit Lions,2024,Week 15,CBS
Tampa Bay Buccaneers at Los Angeles Chargers,2024,Week 15,FOX
Pittsburgh Steelers at Philadelphia Eagles,2024,Week 15,FOX
Green Bay Packers at Seattle Seahawks,2024,Week 15,NBC
Chicago Bears at Minnesota Vikings,2024,Week 15,ABC
Atlanta Falcons at Las Vegas Raiders,2024,Week 15,ESPN
Denver Broncos at Los Angeles Chargers,2024,Week 16,Amazon Prime Video
Houston Texans at Kansas City Chiefs,2024,Week 16,NBC
Pittsburgh Steelers at Baltimore Ravens,2024,Week 16,FOX
Cleveland Browns at Cincinnati Bengals 1:00p CBS),2024,Week 16,CBS
New York Giants at Atlanta Falcons,2024,Week 16,FOX
Arizona Cardinals at Carolina Panthers,2024,Week 16,FOX
Detroit Lions at Chicago Bears,2024,Week 16,FOX
Tennessee Titans at Indianapolis Colts,2024,Week 16,CBS
Los Angeles Rams at New York Jets,2024,Week 16,CBS
Philadelphia Eagles at Washington Commanders,2024,Week 16,FOX
Minnesota Vikings at Seattle Seahawks,2024,Week 16,FOX
New England Patriots at Buffalo Bills,2024,Week 16,CBS
Jacksonville Jaguars at Las Vegas Raiders,2024,Week 16,CBS
San Francisco 49ers at Miami Dolphins,2024,Week 16,CBS
Tampa Bay Buccaneers at Dallas Cowboys,2024,Week 16,NBC
New Orleans Saints at Green Bay Packers,2024,Week 16,ESPN
Kansas City Chiefs at Pittsburgh Steelers,2024,Week 17,Netflix
Baltimore Ravens at Houston Texans,2024,Week 17,Netflix
Seattle Seahawks at Chicago Bears,2024,Week 17,Amazon Prime Video
Los Angeles Chargers at New England Patriots,2024,Week 17,NFL Network
Denver Broncos at Cincinnati Bengals,2024,Week 17,NFL Network
Arizona Cardinals at Los Angeles Rams,2024,Week 17,NFL Network
New York Jets at Buffalo Bills,2024,Week 17,CBS
Tennessee Titans at Jacksonville Jaguars,2024,Week 17,CBS
Dallas Cowboys at Philadelphia Eagles,2024,Week 17,FOX
Las Vegas Raiders at New Orleans Saints,2024,Week 17,FOX
Indianapolis Colts at New York Giants,2024,Week 17,FOX
Carolina Panthers at Tampa Bay Buccaneers,2024,Week 17,CBS
Miami Dolphins at Cleveland Browns,2024,Week 17,CBS
Green Bay Packers at Minnesota Vikings,2024,Week 17,FOX
Atlanta Falcons at Washington Commanders,2024,Week 17,NBC
Detroit Lions at San Francisco 49ers,2024,Week 17,ESPN/ABC
Dallas Cowboys vs. Philadelphia Eagles,2025,Week 1,NBC
Kansas City Chiefs vs. Los Angeles Chargers,2025,Week 1,YouTube
Carolina Panthers vs. Jacksonville Jaguars,2025,Week 1,FOX
New York Giants vs. Washington Commanders,2025,Week 1,FOX
Tampa Bay Buccaneers vs. Atlanta Falcons,2025,Week 1,FOX
Arizona Cardinals vs. New Orleans Saints,2025,Week 1,CBS
Miami Dolphins vs. Indianapolis Colts,2025,Week 1,CBS
Cincinnati Bengals vs. Cleveland Browns,2025,Week 1,FOX
Pittsburgh Steelers vs. New York Jets,2025,Week 1,CBS
Las Vegas Raiders vs. New England Patriots,2025,Week 1,CBS
Tennessee Titans vs. Denver Broncos,2025,Week 1,FOX
San Francisco 49ers vs. Seattle Seahawks,2025,Week 1,FOX
Houston Texans vs. Los Angeles Rams,2025,Week 1,CBS
Detroit Lions vs. Green Bay Packers,2025,Week 1,CBS
Baltimore Ravens vs. Buffalo Bills,2025,Week 1,NBC
Minnesota Vikings vs. Chicago Bears,2025,Week 1,ESPN
Washington Commanders vs. Green Bay Packers,2025,Week 2,Amazon Prime Video
Jacksonville Jaguars vs. Cincinnati Bengals,2025,Week 2,CBS
New England Patriots vs. Miami Dolphins,2025,Week 2,CBS
Buffalo Bills vs. New York Jets,2025,Week 2,CBS
Chicago Bears vs. Detroit Lions,2025,Week 2,FOX
San Francisco 49ers vs. New Orleans Saints,2025,Week 2,FOX
Cleveland Browns vs. Baltimore Ravens,2025,Week 2,CBS
Los Angeles Rams vs. Tennessee Titans,2025,Week 2,CBS
Seattle Seahawks vs. Pittsburgh Steelers,2025,Week 2,FOX
New York Giants vs. Dallas Cowboys,2025,Week 2,FOX
Carolina Panthers vs. Arizona Cardinals,2025,Week 2,CBS
Denver Broncos vs. Indianapolis Colts,2025,Week 2,CBS
Philadelphia Eagles vs. Kansas City Chiefs,2025,Week 2,FOX
Atlanta Falcons vs. Minnesota Vikings,2025,Week 2,NBC
Tampa Bay Buccaneers vs. Houston Texans,2025,Week 2,ESPN
Los Angeles Chargers vs. Las Vegas Raiders,2025,Week 2,ESPN/ABC
Miami Dolphins vs. Buffalo Bills,2025,Week 3,Amazon Prime Video
Houston Texans vs. Jacksonville Jaguars,2025,Week 3,CBS
New York Jets vs. Tampa Bay Buccaneers,2025,Week 3,FOX
Cincinnati Bengals vs. Minnesota Vikings,2025,Week 3,CBS
Atlanta Falcons vs. Carolina Panthers,2025,Week 3,FOX
Green Bay Packers vs. Cleveland Browns,2025,Week 3,FOX
Indianapolis Colts vs. Tennessee Titans,2025,Week 3,CBS
Pittsburgh Steelers vs. New England Patriots,2025,Week 3,CBS
Las Vegas Raiders vs. Washington Commanders,2025,Week 3,FOX
Los Angeles Rams vs. Philadelphia Eagles,2025,Week 3,FOX
Denver Broncos vs. Los Angeles Chargers,2025,Week 3,CBS
New Orleans Saints vs. Seattle Seahawks,2025,Week 3,CBS
Arizona Cardinals vs. San Francisco 49ers,2025,Week 3,FOX
Dallas Cowboys vs. Chicago Bears,2025,Week 3,FOX
Detroit Lions vs. Baltimore Ravens,2025,Week 3,NBC
Kansas City Chiefs vs. New York Giants,2025,Week 3,ESPN
Seattle Seahawks vs. Arizona Cardinals,2025,Week 4,Amazon Prime Video
Minnesota Vikings vs. Pittsburgh Steelers,2025,Week 4,NFL Network
Carolina Panthers vs. New England Patriots,2025,Week 4,FOX
New Orleans Saints vs. Buffalo Bills,2025,Week 4,CBS
Tennessee Titans vs. Houston Texans,2025,Week 4,CBS
Washington Commanders vs. Atlanta Falcons,2025,Week 4,CBS
Cleveland Browns vs. Detroit Lions,2025,Week 4,FOX
Los Angeles Chargers vs. New York Giants,2025,Week 4,CBS
Philadelphia Eagles vs. Tampa Bay Buccaneers,2025,Week 4,FOX
Jacksonville Jaguars vs. San Francisco 49ers,2025,Week 4,FOX
Indianapolis Colts vs. Los Angeles Rams,2025,Week 4,FOX
Baltimore Ravens vs. Kansas City Chiefs,2025,Week 4,CBS
Chicago Bears vs. Las Vegas Raiders,2025,Week 4,CBS
Green Bay Packers vs. Dallas Cowboys,2025,Week 4,NBC
New York Jets vs. Miami Dolphins,2025,Week 4,ESPN
Cincinnati Bengals vs. Denver Broncos,2025,Week 4,ABC
San Francisco 49ers vs. Los Angeles Rams,2025,Week 5,Amazon Prime Video
Minnesota Vikings vs. Cleveland Browns,2025,Week 5,NFL Network
New York Giants vs. New Orleans Saints,2025,Week 5,CBS
Dallas Cowboys vs. New York Jets,2025,Week 5,FOX
Miami Dolphins vs. Carolina Panthers,2025,Week 5,FOX
Houston Texans vs. Baltimore Ravens,2025,Week 5,CBS
Las Vegas Raiders vs. Indianapolis Colts,2025,Week 5,FOX
Denver Broncos vs. Philadelphia Eagles,2025,Week 5,CBS
Tennessee Titans vs. Arizona Cardinals,2025,Week 5,CBS
Tampa Bay Buccaneers vs. Seattle Seahawks,2025,Week 5,CBS
Washington Commanders vs. Los Angeles Chargers,2025,Week 5,FOX
Detroit Lions vs. Cincinnati Bengals,2025,Week 5,FOX
New England Patriots vs. Buffalo Bills,2025,Week 5,NBC
Kansas City Chiefs vs. Jacksonville Jaguars,2025,Week 5,ESPN
Philadelphia Eagles vs. New York Giants,2025,Week 6,Amazon Prime Video
Denver Broncos vs. New York Jets,2025,Week 6,NFL Network
Arizona Cardinals vs. Indianapolis Colts,2025,Week 6,CBS
Dallas Cowboys vs. Carolina Panthers,2025,Week 6,FOX
Cleveland Browns vs. Pittsburgh Steelers,2025,Week 6,CBS
Seattle Seahawks vs. Jacksonville Jaguars,2025,Week 6,FOX
Los Angeles Chargers vs. Miami Dolphins,2025,Week 6,CBS
Los Angeles Rams vs. Baltimore Ravens,2025,Week 6,FOX
New England Patriots vs. New Orleans Saints,2025,Week 6,CBS
Tennessee Titans vs. Las Vegas Raiders,2025,Week 6,FOX
Cincinnati Bengals vs. Green Bay Packers,2025,Week 6,CBS
San Francisco 49ers vs. Tampa Bay Buccaneers,2025,Week 6,CBS
Detroit Lions vs. Kansas City Chiefs,2025,Week 6,NBC
Buffalo Bills vs. Atlanta Falcons,2025,Week 6,ESPN
Chicago Bears vs. Washington Commanders,2025,Week 6,ABC
Pittsburgh Steelers vs. Cincinnati Bengals,2025,Week 7,Amazon Prime Video
Los Angeles Rams vs. Jacksonville Jaguars,2025,Week 7,NFL Network
Miami Dolphins vs. Cleveland Browns,2025,Week 7,CBS
Carolina Panthers vs. New York Jets,2025,Week 7,FOX
New Orleans Saints vs. Chicago Bears,2025,Week 7,FOX
New England Patriots vs. Tennessee Titans,2025,Week 7,CBS
Philadelphia Eagles vs. Minnesota Vikings,2025,Week 7,FOX
Las Vegas Raiders vs. Kansas City Chiefs,2025,Week 7,CBS
Washington Commanders vs. Dallas Cowboys,2025,Week 7,FOX
New York Giants vs. Denver Broncos,2025,Week 7,CBS
Green Bay Packers vs. Arizona Cardinals,2025,Week 7,FOX
Indianapolis Colts vs. Los Angeles Chargers,2025,Week 7,CBS
Atlanta Falcons vs. San Francisco 49ers,2025,Week 7,NBC
Detroit Lions vs. Tampa Bay Buccaneers,2025,Week 7,ESPN/ABC
Houston Texans vs. Seattle Seahawks,2025,Week 7,ESPN+
Minnesota Vikings vs. Los Angeles Chargers,2025,Week 8,Amazon Prime Video
Miami Dolphins vs. Atlanta Falcons,2025,Week 8,CBS
New York Jets vs. Cincinnati Bengals,2025,Week 8,CBS
Chicago Bears vs. Baltimore Ravens,2025,Week 8,CBS
Cleveland Browns vs. New England Patriots,2025,Week 8,FOX
Buffalo Bills vs. Carolina Panthers,2025,Week 8,FOX
San Francisco 49ers vs. Houston Texans,2025,Week 8,FOX
New York Giants vs. Philadelphia Eagles,2025,Week 8,FOX
Tampa Bay Buccaneers vs. New Orleans Saints,2025,Week 8,FOX
Dallas Cowboys vs. Denver Broncos,2025,Week 8,CBS
Tennessee Titans vs. Indianapolis Colts,2025,Week 8,CBS
Green Bay Packers vs. Pittsburgh Steelers,2025,Week 8,NBC
Washington Commanders vs. Kansas City Chiefs,2025,Week 8,ESPN
Baltimore Ravens vs. Miami Dolphins,2025,Week 9,Amazon Prime Video
Carolina Panthers vs. Green Bay Packers,2025,Week 9,FOX
Atlanta Falcons vs. New England Patriots,2025,Week 9,CBS
San Francisco 49ers vs. New York Giants,2025,Week 9,CBS
Los Angeles Chargers vs. Tennessee Titans,2025,Week 9,CBS
Chicago Bears vs. Cincinnati Bengals,2025,Week 9,CBS
Indianapolis Colts vs. Pittsburgh Steelers,2025,Week 9,CBS
Denver Broncos vs. Houston Texans,2025,Week 9,FOX
Minnesota Vikings vs. Detroit Lions,2025,Week 9,FOX
New Orleans Saints vs. Los Angeles Rams,2025,Week 9,FOX
Jacksonville Jaguars vs. Las Vegas Raiders,2025,Week 9,FOX
Kansas City Chiefs vs. Buffalo Bills,2025,Week 9,CBS
Seattle Seahawks vs. Washington Commanders,2025,Week 9,NBC
Arizona Cardinals vs. Dallas Cowboys,2025,Week 9,ESPN
Las Vegas Raiders vs. Denver Broncos,2025,Week 10,Amazon Prime Video
Atlanta Falcons vs. Indianapolis Colts,2025,Week 10,NFL Network
Buffalo Bills vs. Miami Dolphins,2025,Week 10,CBS
New England Patriots vs. Tampa Bay Buccaneers,2025,Week 10,CBS
Baltimore Ravens vs. Minnesota Vikings,2025,Week 10,FOX
Jacksonville Jaguars vs. Houston Texans,2025,Week 10,CBS
Cleveland Browns vs. New York Jets,2025,Week 10,CBS
New York Giants vs. Chicago Bears,2025,Week 10,FOX
New Orleans Saints vs. Carolina Panthers,2025,Week 10,FOX
Arizona Cardinals vs. Seattle Seahawks,2025,Week 10,CBS
Detroit Lions vs. Washington Commanders,2025,Week 10,FOX
Los Angeles Rams vs. San Francisco 49ers,2025,Week 10,FOX
Pittsburgh Steelers vs. Los Angeles Chargers,2025,Week 10,NBC
Philadelphia Eagles vs. Green Bay Packers,2025,Week 10,ESPN
New York Jets vs. New England Patriots,2025,Week 11,Amazon Prime Video
Washington Commanders vs. Miami Dolphins,2025,Week 11,NFL Network
Green Bay Packers vs. New York Giants,2025,Week 11,FOX
Carolina Panthers vs. Atlanta Falcons,2025,Week 11,FOX
Tampa Bay Buccaneers vs. Buffalo Bills,2025,Week 11,CBS
Houston Texans vs. Tennessee Titans,2025,Week 11,FOX
Los Angeles Chargers vs. Jacksonville Jaguars,2025,Week 11,CBS
Chicago Bears vs. Minnesota Vikings,2025,Week 11,FOX
San Francisco 49ers vs. Arizona Cardinals,2025,Week 11,FOX
Seattle Seahawks vs. Los Angeles Rams,2025,Week 11,FOX
Baltimore Ravens vs. Cleveland Browns,2025,Week 11,CBS
Kansas City Chiefs vs. Denver Broncos,2025,Week 11,CBS
Detroit Lions vs. Philadelphia Eagles,2025,Week 11,NBC
Dallas Cowboys vs. Las Vegas Raiders,2025,Week 11,ESPN
Buffalo Bills vs. Houston Texans,2025,Week 12,Amazon Prime Video
New York Giants vs. Detroit Lions,2025,Week 12,FOX
New England Patriots vs. Cincinnati Bengals,2025,Week 12,CBS
New York Jets vs. Baltimore Ravens,2025,Week 12,CBS
Minnesota Vikings vs. Green Bay Packers,2025,Week 12,FOX
Seattle Seahawks vs. Tennessee Titans,2025,Week 12,FOX
Indianapolis Colts vs. Kansas City Chiefs,2025,Week 12,CBS
Pittsburgh Steelers vs. Chicago Bears,2025,Week 12,CBS
Cleveland Browns vs. Las Vegas Raiders,2025,Week 12,CBS
Jacksonville Jaguars vs. Arizona Cardinals,2025,Week 12,CBS
Atlanta Falcons vs. New Orleans Saints,2025,Week 12,FOX
Philadelphia Eagles vs. Dallas Cowboys,2025,Week 12,FOX
Tampa Bay Buccaneers vs. Los Angeles Rams,2025,Week 12,NBC
Carolina Panthers vs. San Francisco 49ers,2025,Week 12,ESPN
Green Bay Packers vs. Detroit Lions,2025,Week 13,FOX
Kansas City Chiefs vs. Dallas Cowboys,2025,Week 13,CBS
Cincinnati Bengals vs. Baltimore Ravens,2025,Week 13,NBC
Chicago Bears vs. Philadelphia Eagles,2025,Week 13,Amazon Prime Video
New Orleans Saints vs. Miami Dolphins,2025,Week 13,FOX
Jacksonville Jaguars vs. Tennessee Titans,2025,Week 13,CBS
Houston Texans vs. Indianapolis Colts,2025,Week 13,CBS
Los Angeles Rams vs. Carolina Panthers,2025,Week 13,FOX
San Francisco 49ers vs. Cleveland Browns,2025,Week 13,CBS
Arizona Cardinals vs. Tampa Bay Buccaneers,2025,Week 13,FOX
Atlanta Falcons vs. New York Jets,2025,Week 13,FOX
Minnesota Vikings vs. Seattle Seahawks,2025,Week 13,FOX
Las Vegas Raiders vs. Los Angeles Chargers,2025,Week 13,CBS
Buffalo Bills vs. Pittsburgh Steelers,2025,Week 13,CBS
Denver Broncos vs. Washington Commanders,2025,Week 13,NBC
New York Giants vs. New England Patriots,2025,Week 13,ESPN
Dallas Cowboys vs. Detroit Lions,2025,Week 14,Amazon Prime Video
Miami Dolphins vs. New York Jets,2025,Week 14,CBS
Indianapolis Colts vs. Jacksonville Jaguars,2025,Week 14,CBS
Washington Commanders vs. Minnesota Vikings,2025,Week 14,FOX
Tennessee Titans vs. Cleveland Browns,2025,Week 14,FOX
New Orleans Saints vs. Tampa Bay Buccaneers,2025,Week 14,CBS
Chicago Bears vs. Green Bay Packers,2025,Week 14,FOX
Seattle Seahawks vs. Atlanta Falcons,2025,Week 14,FOX
Pittsburgh Steelers vs. Baltimore Ravens,2025,Week 14,CBS
Denver Broncos vs. Las Vegas Raiders,2025,Week 14,CBS
Cincinnati Bengals vs. Buffalo Bills,2025,Week 14,FOX
Los Angeles Rams vs. Arizona Cardinals,2025,Week 14,FOX
Houston Texans vs. Kansas City Chiefs,2025,Week 14,NBC
Philadelphia Eagles vs. Los Angeles Chargers,2025,Week 14,ESPN
Atlanta Falcons vs. Tampa Bay Buccaneers,2025,Week 15,Amazon Prime Video
Washington Commanders vs. New York Giants,2025,Week 15,FOX
Buffalo Bills vs. New England Patriots,2025,Week 15,CBS
New York Jets vs. Jacksonville Jaguars,2025,Week 15,CBS
Las Vegas Raiders vs. Philadelphia Eagles,2025,Week 15,CBS
Cleveland Browns vs. Chicago Bears,2025,Week 15,FOX
Arizona Cardinals vs. Houston Texans,2025,Week 15,FOX
Baltimore Ravens vs. Cincinnati Bengals,2025,Week 15,FOX
Los Angeles Chargers vs. Kansas City Chiefs,2025,Week 15,CBS
Carolina Panthers vs. New Orleans Saints,2025,Week 15,FOX
Green Bay Packers vs. Denver Broncos,2025,Week 15,CBS
Tennessee Titans vs. San Francisco 49ers,2025,Week 15,FOX
Indianapolis Colts vs. Seattle Seahawks,2025,Week 15,CBS
Detroit Lions vs. Los Angeles Rams,2025,Week 15,FOX
Minnesota Vikings vs. Dallas Cowboys,2025,Week 15,NBC
Miami Dolphins vs. Pittsburgh Steelers,2025,Week 15,ESPN
